PROVIDER;DESCRIPTION;ACCOUNTID;REGION;ASSESSMENTDATE;REQUIREMENTS_ID;REQUIREMENTS_DESCRIPTION;REQUIREMENTS_ATTRIBUTES_SECTION;REQUIREMENTS_ATTRIBUTES_SUBSECTION;REQUIREMENTS_ATTRIBUTES_SUBGROUP;REQUIREMENTS_ATTRIBUTES_SERVICE;REQUIREMENTS_ATTRIBUTES_TYPE;STATUS;STATUSEXTENDED;RESOURCEID;CHECKID;MUTED;RESOURCENAME;FRAMEWORK;NAME;REQUIREMENTS_ATTRIBUTES_COMMENT
aws;Cybersecurity & Infrastructure Security Agency's (CISA) Cyber Essentials is a guide for leaders of small businesses as well as leaders of small and local government agencies to develop an actionable understanding of where to start implementing organizational cybersecurity practices.;992275841864;us-west-2;2026-08-18 15:47:07.870888;your-systems-3;Implement security configurations for all hardware and software assets.;your systems;;;aws;;PASS;Lambda function auto-shutdown-untagged-instances has a resource-based policy without public access.;arn:aws:lambda:us-west-2:992275841864:function:auto-shutdown-untagged-instances;awslambda_function_not_publicly_accessible;False;auto-shutdown-untagged-instances;CISA;CISA Cyber Essentials framework;
aws;Cybersecurity & Infrastructure Security Agency's (CISA) Cyber Essentials is a guide for leaders of small businesses as well as leaders of small and local government agencies to develop an actionable understanding of where to start implementing organizational cybersecurity practices.;992275841864;us-west-2;2026-08-18 15:47:07.870888;your-data-2;Learn what is happening on your network, manage network and perimeter components, host and device components, data-at-rest and in-transit, and user behavior activities.;your data;;;aws;;PASS;Lambda function auto-shutdown-untagged-instances has a resource-based policy without public access.;arn:aws:lambda:us-west-2:992275841864:function:auto-shutdown-untagged-instances;awslambda_function_not_publicly_accessible;False;auto-shutdown-untagged-instances;CISA;CISA Cyber Essentials framework;
aws;Cybersecurity & Infrastructure Security Agency's (CISA) Cyber Essentials is a guide for leaders of small businesses as well as leaders of small and local government agencies to develop an actionable understanding of where to start implementing organizational cybersecurity practices.;992275841864;ap-northeast-1;2026-08-18 15:47:07.870888;your-systems-3;Implement security configurations for all hardware and software assets.;your systems;;;aws;;FAIL;No CloudTrail trails enabled with logging were found.;arn:aws:cloudtrail:ap-northeast-1:992275841864:trail;cloudtrail_multi_region_enabled;False;992275841864;CISA;CISA Cyber Essentials framework;
aws;Cybersecurity & Infrastructure Security Agency's (CISA) Cyber Essentials is a guide for leaders of small businesses as well as leaders of small and local government agencies to develop an actionable understanding of where to start implementing organizational cybersecurity practices.;992275841864;ap-northeast-1;2026-08-18 15:47:07.870888;your-data-2;Learn what is happening on your network, manage network and perimeter components, host and device components, data-at-rest and in-transit, and user behavior activities.;your data;;;aws;;FAIL;No CloudTrail trails enabled with logging were found.;arn:aws:cloudtrail:ap-northeast-1:992275841864:trail;cloudtrail_multi_region_enabled;False;992275841864;CISA;CISA Cyber Essentials framework;
aws;Cybersecurity & Infrastructure Security Agency's (CISA) Cyber Essentials is a guide for leaders of small businesses as well as leaders of small and local government agencies to develop an actionable understanding of where to start implementing organizational cybersecurity practices.;992275841864;ap-northeast-2;2026-08-18 15:47:07.870888;your-systems-3;Implement security configurations for all hardware and software assets.;your systems;;;aws;;FAIL;No CloudTrail trails enabled with logging were found.;arn:aws:cloudtrail:ap-northeast-2:992275841864:trail;cloudtrail_multi_region_enabled;False;992275841864;CISA;CISA Cyber Essentials framework;
aws;Cybersecurity & Infrastructure Security Agency's (CISA) Cyber Essentials is a guide for leaders of small businesses as well as leaders of small and local government agencies to develop an actionable understanding of where to start implementing organizational cybersecurity practices.;992275841864;ap-northeast-2;2026-08-18 15:47:07.870888;your-data-2;Learn what is happening on your network, manage network and perimeter components, host and device components, data-at-rest and in-transit, and user behavior activities.;your data;;;aws;;FAIL;No CloudTrail trails enabled with logging were found.;arn:aws:cloudtrail:ap-northeast-2:992275841864:trail;cloudtrail_multi_region_enabled;False;992275841864;CISA;CISA Cyber Essentials framework;
aws;Cybersecurity & Infrastructure Security Agency's (CISA) Cyber Essentials is a guide for leaders of small businesses as well as leaders of small and local government agencies to develop an actionable understanding of where to start implementing organizational cybersecurity practices.;992275841864;ap-northeast-3;2026-08-18 15:47:07.870888;your-systems-3;Implement security configurations for all hardware and software assets.;your systems;;;aws;;FAIL;No CloudTrail trails enabled with logging were found.;arn:aws:cloudtrail:ap-northeast-3:992275841864:trail;cloudtrail_multi_region_enabled;False;992275841864;CISA;CISA Cyber Essentials framework;
aws;Cybersecurity & Infrastructure Security Agency's (CISA) Cyber Essentials is a guide for leaders of small businesses as well as leaders of small and local government agencies to develop an actionable understanding of where to start implementing organizational cybersecurity practices.;992275841864;ap-northeast-3;2026-08-18 15:47:07.870888;your-data-2;Learn what is happening on your network, manage network and perimeter components, host and device components, data-at-rest and in-transit, and user behavior activities.;your data;;;aws;;FAIL;No CloudTrail trails enabled with logging were found.;arn:aws:cloudtrail:ap-northeast-3:992275841864:trail;cloudtrail_multi_region_enabled;False;992275841864;CISA;CISA Cyber Essentials framework;
aws;Cybersecurity & Infrastructure Security Agency's (CISA) Cyber Essentials is a guide for leaders of small businesses as well as leaders of small and local government agencies to develop an actionable understanding of where to start implementing organizational cybersecurity practices.;992275841864;ap-south-1;2026-08-18 15:47:07.870888;your-systems-3;Implement security configurations for all hardware and software assets.;your systems;;;aws;;FAIL;No CloudTrail trails enabled with logging were found.;arn:aws:cloudtrail:ap-south-1:992275841864:trail;cloudtrail_multi_region_enabled;False;992275841864;CISA;CISA Cyber Essentials framework;
aws;Cybersecurity & Infrastructure Security Agency's (CISA) Cyber Essentials is a guide for leaders of small businesses as well as leaders of small and local government agencies to develop an actionable understanding of where to start implementing organizational cybersecurity practices.;992275841864;ap-south-1;2026-08-18 15:47:07.870888;your-data-2;Learn what is happening on your network, manage network and perimeter components, host and device components, data-at-rest and in-transit, and user behavior activities.;your data;;;aws;;FAIL;No CloudTrail trails enabled with logging were found.;arn:aws:cloudtrail:ap-south-1:992275841864:trail;cloudtrail_multi_region_enabled;False;992275841864;CISA;CISA Cyber Essentials framework;
aws;Cybersecurity & Infrastructure Security Agency's (CISA) Cyber Essentials is a guide for leaders of small businesses as well as leaders of small and local government agencies to develop an actionable understanding of where to start implementing organizational cybersecurity practices.;992275841864;ap-southeast-1;2026-08-18 15:47:07.870888;your-systems-3;Implement security configurations for all hardware and software assets.;your systems;;;aws;;FAIL;No CloudTrail trails enabled with logging were found.;arn:aws:cloudtrail:ap-southeast-1:992275841864:trail;cloudtrail_multi_region_enabled;False;992275841864;CISA;CISA Cyber Essentials framework;
aws;Cybersecurity & Infrastructure Security Agency's (CISA) Cyber Essentials is a guide for leaders of small businesses as well as leaders of small and local government agencies to develop an actionable understanding of where to start implementing organizational cybersecurity practices.;992275841864;ap-southeast-1;2026-08-18 15:47:07.870888;your-data-2;Learn what is happening on your network, manage network and perimeter components, host and device components, data-at-rest and in-transit, and user behavior activities.;your data;;;aws;;FAIL;No CloudTrail trails enabled with logging were found.;arn:aws:cloudtrail:ap-southeast-1:992275841864:trail;cloudtrail_multi_region_enabled;False;992275841864;CISA;CISA Cyber Essentials framework;
aws;Cybersecurity & Infrastructure Security Agency's (CISA) Cyber Essentials is a guide for leaders of small businesses as well as leaders of small and local government agencies to develop an actionable understanding of where to start implementing organizational cybersecurity practices.;992275841864;ap-southeast-2;2026-08-18 15:47:07.870888;your-systems-3;Implement security configurations for all hardware and software assets.;your systems;;;aws;;FAIL;No CloudTrail trails enabled with logging were found.;arn:aws:cloudtrail:ap-southeast-2:992275841864:trail;cloudtrail_multi_region_enabled;False;992275841864;CISA;CISA Cyber Essentials framework;
aws;Cybersecurity & Infrastructure Security Agency's (CISA) Cyber Essentials is a guide for leaders of small businesses as well as leaders of small and local government agencies to develop an actionable understanding of where to start implementing organizational cybersecurity practices.;992275841864;ap-southeast-2;2026-08-18 15:47:07.870888;your-data-2;Learn what is happening on your network, manage network and perimeter components, host and device components, data-at-rest and in-transit, and user behavior activities.;your data;;;aws;;FAIL;No CloudTrail trails enabled with logging were found.;arn:aws:cloudtrail:ap-southeast-2:992275841864:trail;cloudtrail_multi_region_enabled;False;992275841864;CISA;CISA Cyber Essentials framework;
aws;Cybersecurity & Infrastructure Security Agency's (CISA) Cyber Essentials is a guide for leaders of small businesses as well as leaders of small and local government agencies to develop an actionable understanding of where to start implementing organizational cybersecurity practices.;992275841864;ca-central-1;2026-08-18 15:47:07.870888;your-systems-3;Implement security configurations for all hardware and software assets.;your systems;;;aws;;FAIL;No CloudTrail trails enabled with logging were found.;arn:aws:cloudtrail:ca-central-1:992275841864:trail;cloudtrail_multi_region_enabled;False;992275841864;CISA;CISA Cyber Essentials framework;
aws;Cybersecurity & Infrastructure Security Agency's (CISA) Cyber Essentials is a guide for leaders of small businesses as well as leaders of small and local government agencies to develop an actionable understanding of where to start implementing organizational cybersecurity practices.;992275841864;ca-central-1;2026-08-18 15:47:07.870888;your-data-2;Learn what is happening on your network, manage network and perimeter components, host and device components, data-at-rest and in-transit, and user behavior activities.;your data;;;aws;;FAIL;No CloudTrail trails enabled with logging were found.;arn:aws:cloudtrail:ca-central-1:992275841864:trail;cloudtrail_multi_region_enabled;False;992275841864;CISA;CISA Cyber Essentials framework;
aws;Cybersecurity & Infrastructure Security Agency's (CISA) Cyber Essentials is a guide for leaders of small businesses as well as leaders of small and local government agencies to develop an actionable understanding of where to start implementing organizational cybersecurity practices.;992275841864;eu-central-1;2026-08-18 15:47:07.870888;your-systems-3;Implement security configurations for all hardware and software assets.;your systems;;;aws;;FAIL;No CloudTrail trails enabled with logging were found.;arn:aws:cloudtrail:eu-central-1:992275841864:trail;cloudtrail_multi_region_enabled;False;992275841864;CISA;CISA Cyber Essentials framework;
aws;Cybersecurity & Infrastructure Security Agency's (CISA) Cyber Essentials is a guide for leaders of small businesses as well as leaders of small and local government agencies to develop an actionable understanding of where to start implementing organizational cybersecurity practices.;992275841864;eu-central-1;2026-08-18 15:47:07.870888;your-data-2;Learn what is happening on your network, manage network and perimeter components, host and device components, data-at-rest and in-transit, and user behavior activities.;your data;;;aws;;FAIL;No CloudTrail trails enabled with logging were found.;arn:aws:cloudtrail:eu-central-1:992275841864:trail;cloudtrail_multi_region_enabled;False;992275841864;CISA;CISA Cyber Essentials framework;
aws;Cybersecurity & Infrastructure Security Agency's (CISA) Cyber Essentials is a guide for leaders of small businesses as well as leaders of small and local government agencies to develop an actionable understanding of where to start implementing organizational cybersecurity practices.;992275841864;eu-north-1;2026-08-18 15:47:07.870888;your-systems-3;Implement security configurations for all hardware and software assets.;your systems;;;aws;;FAIL;No CloudTrail trails enabled with logging were found.;arn:aws:cloudtrail:eu-north-1:992275841864:trail;cloudtrail_multi_region_enabled;False;992275841864;CISA;CISA Cyber Essentials framework;
aws;Cybersecurity & Infrastructure Security Agency's (CISA) Cyber Essentials is a guide for leaders of small businesses as well as leaders of small and local government agencies to develop an actionable understanding of where to start implementing organizational cybersecurity practices.;992275841864;eu-north-1;2026-08-18 15:47:07.870888;your-data-2;Learn what is happening on your network, manage network and perimeter components, host and device components, data-at-rest and in-transit, and user behavior activities.;your data;;;aws;;FAIL;No CloudTrail trails enabled with logging were found.;arn:aws:cloudtrail:eu-north-1:992275841864:trail;cloudtrail_multi_region_enabled;False;992275841864;CISA;CISA Cyber Essentials framework;
aws;Cybersecurity & Infrastructure Security Agency's (CISA) Cyber Essentials is a guide for leaders of small businesses as well as leaders of small and local government agencies to develop an actionable understanding of where to start implementing organizational cybersecurity practices.;992275841864;eu-west-1;2026-08-18 15:47:07.870888;your-systems-3;Implement security configurations for all hardware and software assets.;your systems;;;aws;;FAIL;No CloudTrail trails enabled with logging were found.;arn:aws:cloudtrail:eu-west-1:992275841864:trail;cloudtrail_multi_region_enabled;False;992275841864;CISA;CISA Cyber Essentials framework;
aws;Cybersecurity & Infrastructure Security Agency's (CISA) Cyber Essentials is a guide for leaders of small businesses as well as leaders of small and local government agencies to develop an actionable understanding of where to start implementing organizational cybersecurity practices.;992275841864;eu-west-1;2026-08-18 15:47:07.870888;your-data-2;Learn what is happening on your network, manage network and perimeter components, host and device components, data-at-rest and in-transit, and user behavior activities.;your data;;;aws;;FAIL;No CloudTrail trails enabled with logging were found.;arn:aws:cloudtrail:eu-west-1:992275841864:trail;cloudtrail_multi_region_enabled;False;992275841864;CISA;CISA Cyber Essentials framework;
aws;Cybersecurity & Infrastructure Security Agency's (CISA) Cyber Essentials is a guide for leaders of small businesses as well as leaders of small and local government agencies to develop an actionable understanding of where to start implementing organizational cybersecurity practices.;992275841864;eu-west-2;2026-08-18 15:47:07.870888;your-systems-3;Implement security configurations for all hardware and software assets.;your systems;;;aws;;FAIL;No CloudTrail trails enabled with logging were found.;arn:aws:cloudtrail:eu-west-2:992275841864:trail;cloudtrail_multi_region_enabled;False;992275841864;CISA;CISA Cyber Essentials framework;
aws;Cybersecurity & Infrastructure Security Agency's (CISA) Cyber Essentials is a guide for leaders of small businesses as well as leaders of small and local government agencies to develop an actionable understanding of where to start implementing organizational cybersecurity practices.;992275841864;eu-west-2;2026-08-18 15:47:07.870888;your-data-2;Learn what is happening on your network, manage network and perimeter components, host and device components, data-at-rest and in-transit, and user behavior activities.;your data;;;aws;;FAIL;No CloudTrail trails enabled with logging were found.;arn:aws:cloudtrail:eu-west-2:992275841864:trail;cloudtrail_multi_region_enabled;False;992275841864;CISA;CISA Cyber Essentials framework;
aws;Cybersecurity & Infrastructure Security Agency's (CISA) Cyber Essentials is a guide for leaders of small businesses as well as leaders of small and local government agencies to develop an actionable understanding of where to start implementing organizational cybersecurity practices.;992275841864;eu-west-3;2026-08-18 15:47:07.870888;your-systems-3;Implement security configurations for all hardware and software assets.;your systems;;;aws;;FAIL;No CloudTrail trails enabled with logging were found.;arn:aws:cloudtrail:eu-west-3:992275841864:trail;cloudtrail_multi_region_enabled;False;992275841864;CISA;CISA Cyber Essentials framework;
aws;Cybersecurity & Infrastructure Security Agency's (CISA) Cyber Essentials is a guide for leaders of small businesses as well as leaders of small and local government agencies to develop an actionable understanding of where to start implementing organizational cybersecurity practices.;992275841864;eu-west-3;2026-08-18 15:47:07.870888;your-data-2;Learn what is happening on your network, manage network and perimeter components, host and device components, data-at-rest and in-transit, and user behavior activities.;your data;;;aws;;FAIL;No CloudTrail trails enabled with logging were found.;arn:aws:cloudtrail:eu-west-3:992275841864:trail;cloudtrail_multi_region_enabled;False;992275841864;CISA;CISA Cyber Essentials framework;
aws;Cybersecurity & Infrastructure Security Agency's (CISA) Cyber Essentials is a guide for leaders of small businesses as well as leaders of small and local government agencies to develop an actionable understanding of where to start implementing organizational cybersecurity practices.;992275841864;sa-east-1;2026-08-18 15:47:07.870888;your-systems-3;Implement security configurations for all hardware and software assets.;your systems;;;aws;;FAIL;No CloudTrail trails enabled with logging were found.;arn:aws:cloudtrail:sa-east-1:992275841864:trail;cloudtrail_multi_region_enabled;False;992275841864;CISA;CISA Cyber Essentials framework;
aws;Cybersecurity & Infrastructure Security Agency's (CISA) Cyber Essentials is a guide for leaders of small businesses as well as leaders of small and local government agencies to develop an actionable understanding of where to start implementing organizational cybersecurity practices.;992275841864;sa-east-1;2026-08-18 15:47:07.870888;your-data-2;Learn what is happening on your network, manage network and perimeter components, host and device components, data-at-rest and in-transit, and user behavior activities.;your data;;;aws;;FAIL;No CloudTrail trails enabled with logging were found.;arn:aws:cloudtrail:sa-east-1:992275841864:trail;cloudtrail_multi_region_enabled;False;992275841864;CISA;CISA Cyber Essentials framework;
aws;Cybersecurity & Infrastructure Security Agency's (CISA) Cyber Essentials is a guide for leaders of small businesses as well as leaders of small and local government agencies to develop an actionable understanding of where to start implementing organizational cybersecurity practices.;992275841864;us-east-1;2026-08-18 15:47:07.870888;your-systems-3;Implement security configurations for all hardware and software assets.;your systems;;;aws;;FAIL;No CloudTrail trails enabled with logging were found.;arn:aws:cloudtrail:us-east-1:992275841864:trail;cloudtrail_multi_region_enabled;False;992275841864;CISA;CISA Cyber Essentials framework;
aws;Cybersecurity & Infrastructure Security Agency's (CISA) Cyber Essentials is a guide for leaders of small businesses as well as leaders of small and local government agencies to develop an actionable understanding of where to start implementing organizational cybersecurity practices.;992275841864;us-east-1;2026-08-18 15:47:07.870888;your-data-2;Learn what is happening on your network, manage network and perimeter components, host and device components, data-at-rest and in-transit, and user behavior activities.;your data;;;aws;;FAIL;No CloudTrail trails enabled with logging were found.;arn:aws:cloudtrail:us-east-1:992275841864:trail;cloudtrail_multi_region_enabled;False;992275841864;CISA;CISA Cyber Essentials framework;
aws;Cybersecurity & Infrastructure Security Agency's (CISA) Cyber Essentials is a guide for leaders of small businesses as well as leaders of small and local government agencies to develop an actionable understanding of where to start implementing organizational cybersecurity practices.;992275841864;us-east-2;2026-08-18 15:47:07.870888;your-systems-3;Implement security configurations for all hardware and software assets.;your systems;;;aws;;FAIL;No CloudTrail trails enabled with logging were found.;arn:aws:cloudtrail:us-east-2:992275841864:trail;cloudtrail_multi_region_enabled;False;992275841864;CISA;CISA Cyber Essentials framework;
aws;Cybersecurity & Infrastructure Security Agency's (CISA) Cyber Essentials is a guide for leaders of small businesses as well as leaders of small and local government agencies to develop an actionable understanding of where to start implementing organizational cybersecurity practices.;992275841864;us-east-2;2026-08-18 15:47:07.870888;your-data-2;Learn what is happening on your network, manage network and perimeter components, host and device components, data-at-rest and in-transit, and user behavior activities.;your data;;;aws;;FAIL;No CloudTrail trails enabled with logging were found.;arn:aws:cloudtrail:us-east-2:992275841864:trail;cloudtrail_multi_region_enabled;False;992275841864;CISA;CISA Cyber Essentials framework;
aws;Cybersecurity & Infrastructure Security Agency's (CISA) Cyber Essentials is a guide for leaders of small businesses as well as leaders of small and local government agencies to develop an actionable understanding of where to start implementing organizational cybersecurity practices.;992275841864;us-west-1;2026-08-18 15:47:07.870888;your-systems-3;Implement security configurations for all hardware and software assets.;your systems;;;aws;;FAIL;No CloudTrail trails enabled with logging were found.;arn:aws:cloudtrail:us-west-1:992275841864:trail;cloudtrail_multi_region_enabled;False;992275841864;CISA;CISA Cyber Essentials framework;
aws;Cybersecurity & Infrastructure Security Agency's (CISA) Cyber Essentials is a guide for leaders of small businesses as well as leaders of small and local government agencies to develop an actionable understanding of where to start implementing organizational cybersecurity practices.;992275841864;us-west-1;2026-08-18 15:47:07.870888;your-data-2;Learn what is happening on your network, manage network and perimeter components, host and device components, data-at-rest and in-transit, and user behavior activities.;your data;;;aws;;FAIL;No CloudTrail trails enabled with logging were found.;arn:aws:cloudtrail:us-west-1:992275841864:trail;cloudtrail_multi_region_enabled;False;992275841864;CISA;CISA Cyber Essentials framework;
aws;Cybersecurity & Infrastructure Security Agency's (CISA) Cyber Essentials is a guide for leaders of small businesses as well as leaders of small and local government agencies to develop an actionable understanding of where to start implementing organizational cybersecurity practices.;992275841864;us-west-2;2026-08-18 15:47:07.870888;your-systems-3;Implement security configurations for all hardware and software assets.;your systems;;;aws;;FAIL;No CloudTrail trails enabled with logging were found.;arn:aws:cloudtrail:us-west-2:992275841864:trail;cloudtrail_multi_region_enabled;False;992275841864;CISA;CISA Cyber Essentials framework;
aws;Cybersecurity & Infrastructure Security Agency's (CISA) Cyber Essentials is a guide for leaders of small businesses as well as leaders of small and local government agencies to develop an actionable understanding of where to start implementing organizational cybersecurity practices.;992275841864;us-west-2;2026-08-18 15:47:07.870888;your-data-2;Learn what is happening on your network, manage network and perimeter components, host and device components, data-at-rest and in-transit, and user behavior activities.;your data;;;aws;;FAIL;No CloudTrail trails enabled with logging were found.;arn:aws:cloudtrail:us-west-2:992275841864:trail;cloudtrail_multi_region_enabled;False;992275841864;CISA;CISA Cyber Essentials framework;
aws;Cybersecurity & Infrastructure Security Agency's (CISA) Cyber Essentials is a guide for leaders of small businesses as well as leaders of small and local government agencies to develop an actionable understanding of where to start implementing organizational cybersecurity practices.;992275841864;us-west-2;2026-08-18 15:47:07.870888;your-systems-3;Implement security configurations for all hardware and software assets.;your systems;;;aws;;FAIL;No CloudTrail trails have a data event to record all S3 object-level API operations.;arn:aws:cloudtrail:us-west-2:992275841864:trail;cloudtrail_s3_dataevents_read_enabled;False;992275841864;CISA;CISA Cyber Essentials framework;
aws;Cybersecurity & Infrastructure Security Agency's (CISA) Cyber Essentials is a guide for leaders of small businesses as well as leaders of small and local government agencies to develop an actionable understanding of where to start implementing organizational cybersecurity practices.;992275841864;us-west-2;2026-08-18 15:47:07.870888;your-data-2;Learn what is happening on your network, manage network and perimeter components, host and device components, data-at-rest and in-transit, and user behavior activities.;your data;;;aws;;FAIL;No CloudTrail trails have a data event to record all S3 object-level API operations.;arn:aws:cloudtrail:us-west-2:992275841864:trail;cloudtrail_s3_dataevents_read_enabled;False;992275841864;CISA;CISA Cyber Essentials framework;
aws;Cybersecurity & Infrastructure Security Agency's (CISA) Cyber Essentials is a guide for leaders of small businesses as well as leaders of small and local government agencies to develop an actionable understanding of where to start implementing organizational cybersecurity practices.;992275841864;us-west-2;2026-08-18 15:47:07.870888;your-systems-3;Implement security configurations for all hardware and software assets.;your systems;;;aws;;FAIL;No CloudTrail trails have a data event to record all S3 object-level API operations.;arn:aws:cloudtrail:us-west-2:992275841864:trail;cloudtrail_s3_dataevents_write_enabled;False;992275841864;CISA;CISA Cyber Essentials framework;
aws;Cybersecurity & Infrastructure Security Agency's (CISA) Cyber Essentials is a guide for leaders of small businesses as well as leaders of small and local government agencies to develop an actionable understanding of where to start implementing organizational cybersecurity practices.;992275841864;us-west-2;2026-08-18 15:47:07.870888;your-data-2;Learn what is happening on your network, manage network and perimeter components, host and device components, data-at-rest and in-transit, and user behavior activities.;your data;;;aws;;FAIL;No CloudTrail trails have a data event to record all S3 object-level API operations.;arn:aws:cloudtrail:us-west-2:992275841864:trail;cloudtrail_s3_dataevents_write_enabled;False;992275841864;CISA;CISA Cyber Essentials framework;
aws;Cybersecurity & Infrastructure Security Agency's (CISA) Cyber Essentials is a guide for leaders of small businesses as well as leaders of small and local government agencies to develop an actionable understanding of where to start implementing organizational cybersecurity practices.;992275841864;us-west-2;2026-08-18 15:47:07.870888;your-systems-3;Implement security configurations for all hardware and software assets.;your systems;;;aws;;FAIL;Log Group /aws/lambda/auto-shutdown-untagged-instances does not have AWS KMS keys associated.;arn:aws:logs:us-west-2:992275841864:log-group:/aws/lambda/auto-shutdown-untagged-instances:*;cloudwatch_log_group_kms_encryption_enabled;False;/aws/lambda/auto-shutdown-untagged-instances;CISA;CISA Cyber Essentials framework;
aws;Cybersecurity & Infrastructure Security Agency's (CISA) Cyber Essentials is a guide for leaders of small businesses as well as leaders of small and local government agencies to develop an actionable understanding of where to start implementing organizational cybersecurity practices.;992275841864;us-west-2;2026-08-18 15:47:07.870888;your-data-2;Learn what is happening on your network, manage network and perimeter components, host and device components, data-at-rest and in-transit, and user behavior activities.;your data;;;aws;;FAIL;Log Group /aws/lambda/auto-shutdown-untagged-instances does not have AWS KMS keys associated.;arn:aws:logs:us-west-2:992275841864:log-group:/aws/lambda/auto-shutdown-untagged-instances:*;cloudwatch_log_group_kms_encryption_enabled;False;/aws/lambda/auto-shutdown-untagged-instances;CISA;CISA Cyber Essentials framework;
aws;Cybersecurity & Infrastructure Security Agency's (CISA) Cyber Essentials is a guide for leaders of small businesses as well as leaders of small and local government agencies to develop an actionable understanding of where to start implementing organizational cybersecurity practices.;992275841864;us-west-2;2026-08-18 15:47:07.870888;your-data-2;Learn what is happening on your network, manage network and perimeter components, host and device components, data-at-rest and in-transit, and user behavior activities.;your data;;;aws;;FAIL;No CloudWatch log groups found with metric filters or alarms associated.;arn:aws:logs:us-west-2:992275841864:log-group;cloudwatch_log_metric_filter_and_alarm_for_cloudtrail_configuration_changes_enabled;False;992275841864;CISA;CISA Cyber Essentials framework;
aws;Cybersecurity & Infrastructure Security Agency's (CISA) Cyber Essentials is a guide for leaders of small businesses as well as leaders of small and local government agencies to develop an actionable understanding of where to start implementing organizational cybersecurity practices.;992275841864;us-west-2;2026-08-18 15:47:07.870888;your-systems-3;Implement security configurations for all hardware and software assets.;your systems;;;aws;;FAIL;EBS Default Encryption is not activated.;arn:aws:ec2:us-west-2:992275841864:volume;ec2_ebs_default_encryption;False;992275841864;CISA;CISA Cyber Essentials framework;
aws;Cybersecurity & Infrastructure Security Agency's (CISA) Cyber Essentials is a guide for leaders of small businesses as well as leaders of small and local government agencies to develop an actionable understanding of where to start implementing organizational cybersecurity practices.;992275841864;us-west-2;2026-08-18 15:47:07.870888;your-data-1;Learn how your data is protected.;your data;;;aws;;FAIL;EBS Default Encryption is not activated.;arn:aws:ec2:us-west-2:992275841864:volume;ec2_ebs_default_encryption;False;992275841864;CISA;CISA Cyber Essentials framework;
aws;Cybersecurity & Infrastructure Security Agency's (CISA) Cyber Essentials is a guide for leaders of small businesses as well as leaders of small and local government agencies to develop an actionable understanding of where to start implementing organizational cybersecurity practices.;992275841864;us-west-2;2026-08-18 15:47:07.870888;your-systems-3;Implement security configurations for all hardware and software assets.;your systems;;;aws;;FAIL;EBS Snapshot vol-0a713fa09f0b9c9b5 is unencrypted.;arn:aws:ec2:us-west-2:992275841864:volume/vol-0a713fa09f0b9c9b5;ec2_ebs_volume_encryption;False;vol-0a713fa09f0b9c9b5;CISA;CISA Cyber Essentials framework;
aws;Cybersecurity & Infrastructure Security Agency's (CISA) Cyber Essentials is a guide for leaders of small businesses as well as leaders of small and local government agencies to develop an actionable understanding of where to start implementing organizational cybersecurity practices.;992275841864;us-west-2;2026-08-18 15:47:07.870888;your-data-1;Learn how your data is protected.;your data;;;aws;;FAIL;EBS Snapshot vol-0a713fa09f0b9c9b5 is unencrypted.;arn:aws:ec2:us-west-2:992275841864:volume/vol-0a713fa09f0b9c9b5;ec2_ebs_volume_encryption;False;vol-0a713fa09f0b9c9b5;CISA;CISA Cyber Essentials framework;
aws;Cybersecurity & Infrastructure Security Agency's (CISA) Cyber Essentials is a guide for leaders of small businesses as well as leaders of small and local government agencies to develop an actionable understanding of where to start implementing organizational cybersecurity practices.;992275841864;us-west-2;2026-08-18 15:47:07.870888;your-data-2;Learn what is happening on your network, manage network and perimeter components, host and device components, data-at-rest and in-transit, and user behavior activities.;your data;;;aws;;FAIL;EBS Snapshot vol-0a713fa09f0b9c9b5 is unencrypted.;arn:aws:ec2:us-west-2:992275841864:volume/vol-0a713fa09f0b9c9b5;ec2_ebs_volume_encryption;False;vol-0a713fa09f0b9c9b5;CISA;CISA Cyber Essentials framework;
aws;Cybersecurity & Infrastructure Security Agency's (CISA) Cyber Essentials is a guide for leaders of small businesses as well as leaders of small and local government agencies to develop an actionable understanding of where to start implementing organizational cybersecurity practices.;992275841864;us-west-2;2026-08-18 15:47:07.870888;your-systems-1;Learn what is on your network. Maintain inventories of hardware and software assets to know what is in play and at-risk from attack.;your systems;;;aws;;FAIL;EC2 Instance i-0958fb219162a44d1 is not managed by Systems Manager.;arn:aws:ec2:us-west-2:992275841864:instance/i-0958fb219162a44d1;ec2_instance_managed_by_ssm;False;i-0958fb219162a44d1;CISA;CISA Cyber Essentials framework;
aws;Cybersecurity & Infrastructure Security Agency's (CISA) Cyber Essentials is a guide for leaders of small businesses as well as leaders of small and local government agencies to develop an actionable understanding of where to start implementing organizational cybersecurity practices.;992275841864;us-west-2;2026-08-18 15:47:07.870888;your-systems-1;Learn what is on your network. Maintain inventories of hardware and software assets to know what is in play and at-risk from attack.;your systems;;;aws;;PASS;EC2 Instance i-0958fb219162a44d1 is not older than 180 days (-1 days).;arn:aws:ec2:us-west-2:992275841864:instance/i-0958fb219162a44d1;ec2_instance_older_than_specific_days;False;i-0958fb219162a44d1;CISA;CISA Cyber Essentials framework;
aws;Cybersecurity & Infrastructure Security Agency's (CISA) Cyber Essentials is a guide for leaders of small businesses as well as leaders of small and local government agencies to develop an actionable understanding of where to start implementing organizational cybersecurity practices.;992275841864;us-west-2;2026-08-18 15:47:07.870888;your-systems-3;Implement security configurations for all hardware and software assets.;your systems;;;aws;;FAIL;EC2 Instance i-0958fb219162a44d1 has a Public IP: 54.200.178.186 (ec2-54-200-178-186.us-west-2.compute.amazonaws.com).;arn:aws:ec2:us-west-2:992275841864:instance/i-0958fb219162a44d1;ec2_instance_public_ip;False;i-0958fb219162a44d1;CISA;CISA Cyber Essentials framework;
aws;Cybersecurity & Infrastructure Security Agency's (CISA) Cyber Essentials is a guide for leaders of small businesses as well as leaders of small and local government agencies to develop an actionable understanding of where to start implementing organizational cybersecurity practices.;992275841864;us-west-2;2026-08-18 15:47:07.870888;your-data-2;Learn what is happening on your network, manage network and perimeter components, host and device components, data-at-rest and in-transit, and user behavior activities.;your data;;;aws;;FAIL;EC2 Instance i-0958fb219162a44d1 has a Public IP: 54.200.178.186 (ec2-54-200-178-186.us-west-2.compute.amazonaws.com).;arn:aws:ec2:us-west-2:992275841864:instance/i-0958fb219162a44d1;ec2_instance_public_ip;False;i-0958fb219162a44d1;CISA;CISA Cyber Essentials framework;
aws;Cybersecurity & Infrastructure Security Agency's (CISA) Cyber Essentials is a guide for leaders of small businesses as well as leaders of small and local government agencies to develop an actionable understanding of where to start implementing organizational cybersecurity practices.;992275841864;us-west-2;2026-08-18 15:47:07.870888;your-data-2;Learn what is happening on your network, manage network and perimeter components, host and device components, data-at-rest and in-transit, and user behavior activities.;your data;;;aws;;FAIL;Network ACL acl-0dfdb51f94f1455f7 has every port open to the Internet.;arn:aws:ec2:us-west-2:992275841864:network-acl/acl-0dfdb51f94f1455f7;ec2_networkacl_allow_ingress_any_port;False;acl-0dfdb51f94f1455f7;CISA;CISA Cyber Essentials framework;
aws;Cybersecurity & Infrastructure Security Agency's (CISA) Cyber Essentials is a guide for leaders of small businesses as well as leaders of small and local government agencies to develop an actionable understanding of where to start implementing organizational cybersecurity practices.;992275841864;us-west-2;2026-08-18 15:47:07.870888;your-systems-3;Implement security configurations for all hardware and software assets.;your systems;;;aws;;PASS;Security group prowler-demo-no-ssh20260818223457969500000001 (sg-07f0313c121d1138a) does not have all ports open to the Internet.;arn:aws:ec2:us-west-2:992275841864:security-group/sg-07f0313c121d1138a;ec2_securitygroup_allow_ingress_from_internet_to_all_ports;False;sg-07f0313c121d1138a;CISA;CISA Cyber Essentials framework;
aws;Cybersecurity & Infrastructure Security Agency's (CISA) Cyber Essentials is a guide for leaders of small businesses as well as leaders of small and local government agencies to develop an actionable understanding of where to start implementing organizational cybersecurity practices.;992275841864;us-west-2;2026-08-18 15:47:07.870888;your-data-2;Learn what is happening on your network, manage network and perimeter components, host and device components, data-at-rest and in-transit, and user behavior activities.;your data;;;aws;;PASS;Security group prowler-demo-no-ssh20260818223457969500000001 (sg-07f0313c121d1138a) does not have all ports open to the Internet.;arn:aws:ec2:us-west-2:992275841864:security-group/sg-07f0313c121d1138a;ec2_securitygroup_allow_ingress_from_internet_to_all_ports;False;sg-07f0313c121d1138a;CISA;CISA Cyber Essentials framework;
aws;Cybersecurity & Infrastructure Security Agency's (CISA) Cyber Essentials is a guide for leaders of small businesses as well as leaders of small and local government agencies to develop an actionable understanding of where to start implementing organizational cybersecurity practices.;992275841864;us-west-2;2026-08-18 15:47:07.870888;your-systems-3;Implement security configurations for all hardware and software assets.;your systems;;;aws;;FAIL;Security group prowler-demo-no-ssh20260818223457969500000001 (sg-07f0313c121d1138a) has SSH port 22 open to the Internet.;arn:aws:ec2:us-west-2:992275841864:security-group/sg-07f0313c121d1138a;ec2_securitygroup_allow_ingress_from_internet_to_tcp_port_22;False;sg-07f0313c121d1138a;CISA;CISA Cyber Essentials framework;
aws;Cybersecurity & Infrastructure Security Agency's (CISA) Cyber Essentials is a guide for leaders of small businesses as well as leaders of small and local government agencies to develop an actionable understanding of where to start implementing organizational cybersecurity practices.;992275841864;us-west-2;2026-08-18 15:47:07.870888;your-data-2;Learn what is happening on your network, manage network and perimeter components, host and device components, data-at-rest and in-transit, and user behavior activities.;your data;;;aws;;FAIL;Security group prowler-demo-no-ssh20260818223457969500000001 (sg-07f0313c121d1138a) has SSH port 22 open to the Internet.;arn:aws:ec2:us-west-2:992275841864:security-group/sg-07f0313c121d1138a;ec2_securitygroup_allow_ingress_from_internet_to_tcp_port_22;False;sg-07f0313c121d1138a;CISA;CISA Cyber Essentials framework;
aws;Cybersecurity & Infrastructure Security Agency's (CISA) Cyber Essentials is a guide for leaders of small businesses as well as leaders of small and local government agencies to develop an actionable understanding of where to start implementing organizational cybersecurity practices.;992275841864;us-west-2;2026-08-18 15:47:07.870888;your-systems-3;Implement security configurations for all hardware and software assets.;your systems;;;aws;;FAIL;GuardDuty is not enabled.;arn:aws:guardduty:us-west-2:992275841864:detector/unknown;guardduty_is_enabled;False;detector/unknown;CISA;CISA Cyber Essentials framework;
aws;Cybersecurity & Infrastructure Security Agency's (CISA) Cyber Essentials is a guide for leaders of small businesses as well as leaders of small and local government agencies to develop an actionable understanding of where to start implementing organizational cybersecurity practices.;992275841864;us-west-2;2026-08-18 15:47:07.870888;your-crisis-response-2;Lead development of an internal reporting structure to detect, communicate and contain attacks.;your crisis response;;;aws;;FAIL;GuardDuty is not enabled.;arn:aws:guardduty:us-west-2:992275841864:detector/unknown;guardduty_is_enabled;False;detector/unknown;CISA;CISA Cyber Essentials framework;
aws;Cybersecurity & Infrastructure Security Agency's (CISA) Cyber Essentials is a guide for leaders of small businesses as well as leaders of small and local government agencies to develop an actionable understanding of where to start implementing organizational cybersecurity practices.;992275841864;us-west-2;2026-08-18 15:47:07.870888;your-systems-3;Implement security configurations for all hardware and software assets.;your systems;;;aws;;PASS;AWS policy AWSSSOServiceRolePolicy is attached but does not allow '*:*' administrative privileges.;arn:aws:iam::aws:policy/aws-service-role/AWSSSOServiceRolePolicy;iam_aws_attached_policy_no_administrative_privileges;False;AWSSSOServiceRolePolicy;CISA;CISA Cyber Essentials framework;
aws;Cybersecurity & Infrastructure Security Agency's (CISA) Cyber Essentials is a guide for leaders of small businesses as well as leaders of small and local government agencies to develop an actionable understanding of where to start implementing organizational cybersecurity practices.;992275841864;us-west-2;2026-08-18 15:47:07.870888;your-surroundings-3;Grant access and admin permissions based on need-to-know and least privilege.;your surroundings;;;aws;;PASS;AWS policy AWSSSOServiceRolePolicy is attached but does not allow '*:*' administrative privileges.;arn:aws:iam::aws:policy/aws-service-role/AWSSSOServiceRolePolicy;iam_aws_attached_policy_no_administrative_privileges;False;AWSSSOServiceRolePolicy;CISA;CISA Cyber Essentials framework;
aws;Cybersecurity & Infrastructure Security Agency's (CISA) Cyber Essentials is a guide for leaders of small businesses as well as leaders of small and local government agencies to develop an actionable understanding of where to start implementing organizational cybersecurity practices.;992275841864;us-west-2;2026-08-18 15:47:07.870888;your-systems-3;Implement security configurations for all hardware and software assets.;your systems;;;aws;;PASS;AWS policy AWSOrganizationsServiceTrustPolicy is attached but does not allow '*:*' administrative privileges.;arn:aws:iam::aws:policy/aws-service-role/AWSOrganizationsServiceTrustPolicy;iam_aws_attached_policy_no_administrative_privileges;False;AWSOrganizationsServiceTrustPolicy;CISA;CISA Cyber Essentials framework;
aws;Cybersecurity & Infrastructure Security Agency's (CISA) Cyber Essentials is a guide for leaders of small businesses as well as leaders of small and local government agencies to develop an actionable understanding of where to start implementing organizational cybersecurity practices.;992275841864;us-west-2;2026-08-18 15:47:07.870888;your-surroundings-3;Grant access and admin permissions based on need-to-know and least privilege.;your surroundings;;;aws;;PASS;AWS policy AWSOrganizationsServiceTrustPolicy is attached but does not allow '*:*' administrative privileges.;arn:aws:iam::aws:policy/aws-service-role/AWSOrganizationsServiceTrustPolicy;iam_aws_attached_policy_no_administrative_privileges;False;AWSOrganizationsServiceTrustPolicy;CISA;CISA Cyber Essentials framework;
aws;Cybersecurity & Infrastructure Security Agency's (CISA) Cyber Essentials is a guide for leaders of small businesses as well as leaders of small and local government agencies to develop an actionable understanding of where to start implementing organizational cybersecurity practices.;992275841864;us-west-2;2026-08-18 15:47:07.870888;your-systems-3;Implement security configurations for all hardware and software assets.;your systems;;;aws;;PASS;AWS policy AWSTrustedAdvisorServiceRolePolicy is attached but does not allow '*:*' administrative privileges.;arn:aws:iam::aws:policy/aws-service-role/AWSTrustedAdvisorServiceRolePolicy;iam_aws_attached_policy_no_administrative_privileges;False;AWSTrustedAdvisorServiceRolePolicy;CISA;CISA Cyber Essentials framework;
aws;Cybersecurity & Infrastructure Security Agency's (CISA) Cyber Essentials is a guide for leaders of small businesses as well as leaders of small and local government agencies to develop an actionable understanding of where to start implementing organizational cybersecurity practices.;992275841864;us-west-2;2026-08-18 15:47:07.870888;your-surroundings-3;Grant access and admin permissions based on need-to-know and least privilege.;your surroundings;;;aws;;PASS;AWS policy AWSTrustedAdvisorServiceRolePolicy is attached but does not allow '*:*' administrative privileges.;arn:aws:iam::aws:policy/aws-service-role/AWSTrustedAdvisorServiceRolePolicy;iam_aws_attached_policy_no_administrative_privileges;False;AWSTrustedAdvisorServiceRolePolicy;CISA;CISA Cyber Essentials framework;
aws;Cybersecurity & Infrastructure Security Agency's (CISA) Cyber Essentials is a guide for leaders of small businesses as well as leaders of small and local government agencies to develop an actionable understanding of where to start implementing organizational cybersecurity practices.;992275841864;us-west-2;2026-08-18 15:47:07.870888;your-systems-3;Implement security configurations for all hardware and software assets.;your systems;;;aws;;FAIL;AWS policy AdministratorAccess is attached and allows '*:*' administrative privileges.;arn:aws:iam::aws:policy/AdministratorAccess;iam_aws_attached_policy_no_administrative_privileges;False;AdministratorAccess;CISA;CISA Cyber Essentials framework;
aws;Cybersecurity & Infrastructure Security Agency's (CISA) Cyber Essentials is a guide for leaders of small businesses as well as leaders of small and local government agencies to develop an actionable understanding of where to start implementing organizational cybersecurity practices.;992275841864;us-west-2;2026-08-18 15:47:07.870888;your-surroundings-3;Grant access and admin permissions based on need-to-know and least privilege.;your surroundings;;;aws;;FAIL;AWS policy AdministratorAccess is attached and allows '*:*' administrative privileges.;arn:aws:iam::aws:policy/AdministratorAccess;iam_aws_attached_policy_no_administrative_privileges;False;AdministratorAccess;CISA;CISA Cyber Essentials framework;
aws;Cybersecurity & Infrastructure Security Agency's (CISA) Cyber Essentials is a guide for leaders of small businesses as well as leaders of small and local government agencies to develop an actionable understanding of where to start implementing organizational cybersecurity practices.;992275841864;us-west-2;2026-08-18 15:47:07.870888;your-systems-3;Implement security configurations for all hardware and software assets.;your systems;;;aws;;PASS;AWS policy AWSSupportServiceRolePolicy is attached but does not allow '*:*' administrative privileges.;arn:aws:iam::aws:policy/aws-service-role/AWSSupportServiceRolePolicy;iam_aws_attached_policy_no_administrative_privileges;False;AWSSupportServiceRolePolicy;CISA;CISA Cyber Essentials framework;
aws;Cybersecurity & Infrastructure Security Agency's (CISA) Cyber Essentials is a guide for leaders of small businesses as well as leaders of small and local government agencies to develop an actionable understanding of where to start implementing organizational cybersecurity practices.;992275841864;us-west-2;2026-08-18 15:47:07.870888;your-surroundings-3;Grant access and admin permissions based on need-to-know and least privilege.;your surroundings;;;aws;;PASS;AWS policy AWSSupportServiceRolePolicy is attached but does not allow '*:*' administrative privileges.;arn:aws:iam::aws:policy/aws-service-role/AWSSupportServiceRolePolicy;iam_aws_attached_policy_no_administrative_privileges;False;AWSSupportServiceRolePolicy;CISA;CISA Cyber Essentials framework;
aws;Cybersecurity & Infrastructure Security Agency's (CISA) Cyber Essentials is a guide for leaders of small businesses as well as leaders of small and local government agencies to develop an actionable understanding of where to start implementing organizational cybersecurity practices.;992275841864;us-west-2;2026-08-18 15:47:07.870888;your-systems-3;Implement security configurations for all hardware and software assets.;your systems;;;aws;;PASS;AWS policy ViewOnlyAccess is attached but does not allow '*:*' administrative privileges.;arn:aws:iam::aws:policy/job-function/ViewOnlyAccess;iam_aws_attached_policy_no_administrative_privileges;False;ViewOnlyAccess;CISA;CISA Cyber Essentials framework;
aws;Cybersecurity & Infrastructure Security Agency's (CISA) Cyber Essentials is a guide for leaders of small businesses as well as leaders of small and local government agencies to develop an actionable understanding of where to start implementing organizational cybersecurity practices.;992275841864;us-west-2;2026-08-18 15:47:07.870888;your-surroundings-3;Grant access and admin permissions based on need-to-know and least privilege.;your surroundings;;;aws;;PASS;AWS policy ViewOnlyAccess is attached but does not allow '*:*' administrative privileges.;arn:aws:iam::aws:policy/job-function/ViewOnlyAccess;iam_aws_attached_policy_no_administrative_privileges;False;ViewOnlyAccess;CISA;CISA Cyber Essentials framework;
aws;Cybersecurity & Infrastructure Security Agency's (CISA) Cyber Essentials is a guide for leaders of small businesses as well as leaders of small and local government agencies to develop an actionable understanding of where to start implementing organizational cybersecurity practices.;992275841864;us-west-2;2026-08-18 15:47:07.870888;your-systems-3;Implement security configurations for all hardware and software assets.;your systems;;;aws;;PASS;AWS policy SecurityAudit is attached but does not allow '*:*' administrative privileges.;arn:aws:iam::aws:policy/SecurityAudit;iam_aws_attached_policy_no_administrative_privileges;False;SecurityAudit;CISA;CISA Cyber Essentials framework;
aws;Cybersecurity & Infrastructure Security Agency's (CISA) Cyber Essentials is a guide for leaders of small businesses as well as leaders of small and local government agencies to develop an actionable understanding of where to start implementing organizational cybersecurity practices.;992275841864;us-west-2;2026-08-18 15:47:07.870888;your-surroundings-3;Grant access and admin permissions based on need-to-know and least privilege.;your surroundings;;;aws;;PASS;AWS policy SecurityAudit is attached but does not allow '*:*' administrative privileges.;arn:aws:iam::aws:policy/SecurityAudit;iam_aws_attached_policy_no_administrative_privileges;False;SecurityAudit;CISA;CISA Cyber Essentials framework;
aws;Cybersecurity & Infrastructure Security Agency's (CISA) Cyber Essentials is a guide for leaders of small businesses as well as leaders of small and local government agencies to develop an actionable understanding of where to start implementing organizational cybersecurity practices.;992275841864;us-west-2;2026-08-18 15:47:07.870888;your-systems-3;Implement security configurations for all hardware and software assets.;your systems;;;aws;;PASS;AWS policy AWSResourceExplorerServiceRolePolicy is attached but does not allow '*:*' administrative privileges.;arn:aws:iam::aws:policy/aws-service-role/AWSResourceExplorerServiceRolePolicy;iam_aws_attached_policy_no_administrative_privileges;False;AWSResourceExplorerServiceRolePolicy;CISA;CISA Cyber Essentials framework;
aws;Cybersecurity & Infrastructure Security Agency's (CISA) Cyber Essentials is a guide for leaders of small businesses as well as leaders of small and local government agencies to develop an actionable understanding of where to start implementing organizational cybersecurity practices.;992275841864;us-west-2;2026-08-18 15:47:07.870888;your-surroundings-3;Grant access and admin permissions based on need-to-know and least privilege.;your surroundings;;;aws;;PASS;AWS policy AWSResourceExplorerServiceRolePolicy is attached but does not allow '*:*' administrative privileges.;arn:aws:iam::aws:policy/aws-service-role/AWSResourceExplorerServiceRolePolicy;iam_aws_attached_policy_no_administrative_privileges;False;AWSResourceExplorerServiceRolePolicy;CISA;CISA Cyber Essentials framework;
aws;Cybersecurity & Infrastructure Security Agency's (CISA) Cyber Essentials is a guide for leaders of small businesses as well as leaders of small and local government agencies to develop an actionable understanding of where to start implementing organizational cybersecurity practices.;992275841864;us-west-2;2026-08-18 15:47:07.870888;your-systems-3;Implement security configurations for all hardware and software assets.;your systems;;;aws;;PASS;Inline policy auto-shutdown-permissions attached to role auto-shutdown-lambda-role does not allow '*:*' administrative privileges.;arn:aws:iam::992275841864:role/auto-shutdown-lambda-role;iam_inline_policy_no_administrative_privileges;False;auto-shutdown-lambda-role/auto-shutdown-permissions;CISA;CISA Cyber Essentials framework;
aws;Cybersecurity & Infrastructure Security Agency's (CISA) Cyber Essentials is a guide for leaders of small businesses as well as leaders of small and local government agencies to develop an actionable understanding of where to start implementing organizational cybersecurity practices.;992275841864;us-west-2;2026-08-18 15:47:07.870888;your-surroundings-3;Grant access and admin permissions based on need-to-know and least privilege.;your surroundings;;;aws;;PASS;Inline policy auto-shutdown-permissions attached to role auto-shutdown-lambda-role does not allow '*:*' administrative privileges.;arn:aws:iam::992275841864:role/auto-shutdown-lambda-role;iam_inline_policy_no_administrative_privileges;False;auto-shutdown-lambda-role/auto-shutdown-permissions;CISA;CISA Cyber Essentials framework;
aws;Cybersecurity & Infrastructure Security Agency's (CISA) Cyber Essentials is a guide for leaders of small businesses as well as leaders of small and local government agencies to develop an actionable understanding of where to start implementing organizational cybersecurity practices.;992275841864;us-west-2;2026-08-18 15:47:07.870888;your-surroundings-3;Grant access and admin permissions based on need-to-know and least privilege.;your surroundings;;;aws;;PASS;Inline policy auto-shutdown-permissions attached to role auto-shutdown-lambda-role does not allow 'aws-marketplace:Subscribe' on all resources.;arn:aws:iam::992275841864:role/auto-shutdown-lambda-role;iam_inline_policy_no_wildcard_marketplace_subscribe;False;auto-shutdown-lambda-role/auto-shutdown-permissions;CISA;CISA Cyber Essentials framework;
aws;Cybersecurity & Infrastructure Security Agency's (CISA) Cyber Essentials is a guide for leaders of small businesses as well as leaders of small and local government agencies to develop an actionable understanding of where to start implementing organizational cybersecurity practices.;992275841864;us-west-2;2026-08-18 15:47:07.870888;your-systems-3;Implement security configurations for all hardware and software assets.;your systems;;;aws;;FAIL;IAM password policy does not require at least one lowercase letter.;arn:aws:iam:us-west-2:992275841864:password-policy;iam_password_policy_lowercase;False;992275841864;CISA;CISA Cyber Essentials framework;
aws;Cybersecurity & Infrastructure Security Agency's (CISA) Cyber Essentials is a guide for leaders of small businesses as well as leaders of small and local government agencies to develop an actionable understanding of where to start implementing organizational cybersecurity practices.;992275841864;us-west-2;2026-08-18 15:47:07.870888;your-surroundings-4;Leverage unique passwords for all user accounts.;your surroundings;;;aws;;FAIL;IAM password policy does not require at least one lowercase letter.;arn:aws:iam:us-west-2:992275841864:password-policy;iam_password_policy_lowercase;False;992275841864;CISA;CISA Cyber Essentials framework;
aws;Cybersecurity & Infrastructure Security Agency's (CISA) Cyber Essentials is a guide for leaders of small businesses as well as leaders of small and local government agencies to develop an actionable understanding of where to start implementing organizational cybersecurity practices.;992275841864;us-west-2;2026-08-18 15:47:07.870888;your-systems-3;Implement security configurations for all hardware and software assets.;your systems;;;aws;;FAIL;IAM password policy does not require minimum length of 14 characters.;arn:aws:iam:us-west-2:992275841864:password-policy;iam_password_policy_minimum_length_14;False;992275841864;CISA;CISA Cyber Essentials framework;
aws;Cybersecurity & Infrastructure Security Agency's (CISA) Cyber Essentials is a guide for leaders of small businesses as well as leaders of small and local government agencies to develop an actionable understanding of where to start implementing organizational cybersecurity practices.;992275841864;us-west-2;2026-08-18 15:47:07.870888;your-surroundings-4;Leverage unique passwords for all user accounts.;your surroundings;;;aws;;FAIL;IAM password policy does not require minimum length of 14 characters.;arn:aws:iam:us-west-2:992275841864:password-policy;iam_password_policy_minimum_length_14;False;992275841864;CISA;CISA Cyber Essentials framework;
aws;Cybersecurity & Infrastructure Security Agency's (CISA) Cyber Essentials is a guide for leaders of small businesses as well as leaders of small and local government agencies to develop an actionable understanding of where to start implementing organizational cybersecurity practices.;992275841864;us-west-2;2026-08-18 15:47:07.870888;your-systems-3;Implement security configurations for all hardware and software assets.;your systems;;;aws;;FAIL;IAM password policy does not require at least one number.;arn:aws:iam:us-west-2:992275841864:password-policy;iam_password_policy_number;False;992275841864;CISA;CISA Cyber Essentials framework;
aws;Cybersecurity & Infrastructure Security Agency's (CISA) Cyber Essentials is a guide for leaders of small businesses as well as leaders of small and local government agencies to develop an actionable understanding of where to start implementing organizational cybersecurity practices.;992275841864;us-west-2;2026-08-18 15:47:07.870888;your-surroundings-4;Leverage unique passwords for all user accounts.;your surroundings;;;aws;;FAIL;IAM password policy does not require at least one number.;arn:aws:iam:us-west-2:992275841864:password-policy;iam_password_policy_number;False;992275841864;CISA;CISA Cyber Essentials framework;
aws;Cybersecurity & Infrastructure Security Agency's (CISA) Cyber Essentials is a guide for leaders of small businesses as well as leaders of small and local government agencies to develop an actionable understanding of where to start implementing organizational cybersecurity practices.;992275841864;us-west-2;2026-08-18 15:47:07.870888;your-systems-3;Implement security configurations for all hardware and software assets.;your systems;;;aws;;FAIL;IAM password policy does not require at least one symbol.;arn:aws:iam:us-west-2:992275841864:password-policy;iam_password_policy_symbol;False;992275841864;CISA;CISA Cyber Essentials framework;
aws;Cybersecurity & Infrastructure Security Agency's (CISA) Cyber Essentials is a guide for leaders of small businesses as well as leaders of small and local government agencies to develop an actionable understanding of where to start implementing organizational cybersecurity practices.;992275841864;us-west-2;2026-08-18 15:47:07.870888;your-surroundings-4;Leverage unique passwords for all user accounts.;your surroundings;;;aws;;FAIL;IAM password policy does not require at least one symbol.;arn:aws:iam:us-west-2:992275841864:password-policy;iam_password_policy_symbol;False;992275841864;CISA;CISA Cyber Essentials framework;
aws;Cybersecurity & Infrastructure Security Agency's (CISA) Cyber Essentials is a guide for leaders of small businesses as well as leaders of small and local government agencies to develop an actionable understanding of where to start implementing organizational cybersecurity practices.;992275841864;us-west-2;2026-08-18 15:47:07.870888;your-systems-3;Implement security configurations for all hardware and software assets.;your systems;;;aws;;FAIL;IAM password policy does not require at least one uppercase letter.;arn:aws:iam:us-west-2:992275841864:password-policy;iam_password_policy_uppercase;False;992275841864;CISA;CISA Cyber Essentials framework;
aws;Cybersecurity & Infrastructure Security Agency's (CISA) Cyber Essentials is a guide for leaders of small businesses as well as leaders of small and local government agencies to develop an actionable understanding of where to start implementing organizational cybersecurity practices.;992275841864;us-west-2;2026-08-18 15:47:07.870888;your-surroundings-4;Leverage unique passwords for all user accounts.;your surroundings;;;aws;;FAIL;IAM password policy does not require at least one uppercase letter.;arn:aws:iam:us-west-2:992275841864:password-policy;iam_password_policy_uppercase;False;992275841864;CISA;CISA Cyber Essentials framework;
aws;Cybersecurity & Infrastructure Security Agency's (CISA) Cyber Essentials is a guide for leaders of small businesses as well as leaders of small and local government agencies to develop an actionable understanding of where to start implementing organizational cybersecurity practices.;992275841864;us-west-2;2026-08-18 15:47:07.870888;your-systems-3;Implement security configurations for all hardware and software assets.;your systems;;;aws;;PASS;User <root_account> does not have access keys.;arn:aws:iam::992275841864:root;iam_rotate_access_key_90_days;False;<root_account>;CISA;CISA Cyber Essentials framework;
aws;Cybersecurity & Infrastructure Security Agency's (CISA) Cyber Essentials is a guide for leaders of small businesses as well as leaders of small and local government agencies to develop an actionable understanding of where to start implementing organizational cybersecurity practices.;992275841864;us-west-2;2026-08-18 15:47:07.870888;your-systems-3;Implement security configurations for all hardware and software assets.;your systems;;;aws;;PASS;User demo-no-mfa-user does not have access keys older than 90 days.;arn:aws:iam::992275841864:user/demo-no-mfa-user;iam_rotate_access_key_90_days;False;demo-no-mfa-user;CISA;CISA Cyber Essentials framework;
aws;Cybersecurity & Infrastructure Security Agency's (CISA) Cyber Essentials is a guide for leaders of small businesses as well as leaders of small and local government agencies to develop an actionable understanding of where to start implementing organizational cybersecurity practices.;992275841864;us-west-2;2026-08-18 15:47:07.870888;your-systems-3;Implement security configurations for all hardware and software assets.;your systems;;;aws;;PASS;User prowler-readonly does not have access keys older than 90 days.;arn:aws:iam::992275841864:user/prowler-readonly;iam_rotate_access_key_90_days;False;prowler-readonly;CISA;CISA Cyber Essentials framework;
aws;Cybersecurity & Infrastructure Security Agency's (CISA) Cyber Essentials is a guide for leaders of small businesses as well as leaders of small and local government agencies to develop an actionable understanding of where to start implementing organizational cybersecurity practices.;992275841864;us-west-2;2026-08-18 15:47:07.870888;your-systems-3;Implement security configurations for all hardware and software assets.;your systems;;;aws;;PASS;User <root_account> does not have access keys.;arn:aws:iam::992275841864:root;iam_user_accesskey_unused;False;<root_account>;CISA;CISA Cyber Essentials framework;
aws;Cybersecurity & Infrastructure Security Agency's (CISA) Cyber Essentials is a guide for leaders of small businesses as well as leaders of small and local government agencies to develop an actionable understanding of where to start implementing organizational cybersecurity practices.;992275841864;us-west-2;2026-08-18 15:47:07.870888;your-systems-3;Implement security configurations for all hardware and software assets.;your systems;;;aws;;PASS;User demo-no-mfa-user does not have unused access keys for 45 days.;arn:aws:iam::992275841864:user/demo-no-mfa-user;iam_user_accesskey_unused;False;demo-no-mfa-user;CISA;CISA Cyber Essentials framework;
aws;Cybersecurity & Infrastructure Security Agency's (CISA) Cyber Essentials is a guide for leaders of small businesses as well as leaders of small and local government agencies to develop an actionable understanding of where to start implementing organizational cybersecurity practices.;992275841864;us-west-2;2026-08-18 15:47:07.870888;your-systems-3;Implement security configurations for all hardware and software assets.;your systems;;;aws;;PASS;User prowler-readonly does not have unused access keys for 45 days.;arn:aws:iam::992275841864:user/prowler-readonly;iam_user_accesskey_unused;False;prowler-readonly;CISA;CISA Cyber Essentials framework;
aws;Cybersecurity & Infrastructure Security Agency's (CISA) Cyber Essentials is a guide for leaders of small businesses as well as leaders of small and local government agencies to develop an actionable understanding of where to start implementing organizational cybersecurity practices.;992275841864;us-west-2;2026-08-18 15:47:07.870888;your-systems-3;Implement security configurations for all hardware and software assets.;your systems;;;aws;;PASS;User demo-no-mfa-user does not have console access enabled or is unused.;arn:aws:iam::992275841864:user/demo-no-mfa-user;iam_user_console_access_unused;False;demo-no-mfa-user;CISA;CISA Cyber Essentials framework;
aws;Cybersecurity & Infrastructure Security Agency's (CISA) Cyber Essentials is a guide for leaders of small businesses as well as leaders of small and local government agencies to develop an actionable understanding of where to start implementing organizational cybersecurity practices.;992275841864;us-west-2;2026-08-18 15:47:07.870888;your-systems-3;Implement security configurations for all hardware and software assets.;your systems;;;aws;;PASS;User prowler-readonly does not have console access enabled or is unused.;arn:aws:iam::992275841864:user/prowler-readonly;iam_user_console_access_unused;False;prowler-readonly;CISA;CISA Cyber Essentials framework;
aws;Cybersecurity & Infrastructure Security Agency's (CISA) Cyber Essentials is a guide for leaders of small businesses as well as leaders of small and local government agencies to develop an actionable understanding of where to start implementing organizational cybersecurity practices.;992275841864;us-west-2;2026-08-18 15:47:07.870888;booting-up-thing-to-do-first-2;Require multi-factor authentication (MFA) for accessing your systems whenever possible. MFA should be required of all users, but start with privileged, administrative, and remote access users.;booting up thing to do first;;;aws;;FAIL;User demo-no-mfa-user does not have any type of MFA enabled.;arn:aws:iam::992275841864:user/demo-no-mfa-user;iam_user_hardware_mfa_enabled;False;demo-no-mfa-user;CISA;CISA Cyber Essentials framework;
aws;Cybersecurity & Infrastructure Security Agency's (CISA) Cyber Essentials is a guide for leaders of small businesses as well as leaders of small and local government agencies to develop an actionable understanding of where to start implementing organizational cybersecurity practices.;992275841864;us-west-2;2026-08-18 15:47:07.870888;booting-up-thing-to-do-first-2;Require multi-factor authentication (MFA) for accessing your systems whenever possible. MFA should be required of all users, but start with privileged, administrative, and remote access users.;booting up thing to do first;;;aws;;FAIL;User prowler-readonly does not have any type of MFA enabled.;arn:aws:iam::992275841864:user/prowler-readonly;iam_user_hardware_mfa_enabled;False;prowler-readonly;CISA;CISA Cyber Essentials framework;
aws;Cybersecurity & Infrastructure Security Agency's (CISA) Cyber Essentials is a guide for leaders of small businesses as well as leaders of small and local government agencies to develop an actionable understanding of where to start implementing organizational cybersecurity practices.;992275841864;us-west-2;2026-08-18 15:47:07.870888;your-systems-3;Implement security configurations for all hardware and software assets.;your systems;;;aws;;PASS;User demo-no-mfa-user does not have Console Password enabled.;arn:aws:iam::992275841864:user/demo-no-mfa-user;iam_user_mfa_enabled_console_access;False;demo-no-mfa-user;CISA;CISA Cyber Essentials framework;
aws;Cybersecurity & Infrastructure Security Agency's (CISA) Cyber Essentials is a guide for leaders of small businesses as well as leaders of small and local government agencies to develop an actionable understanding of where to start implementing organizational cybersecurity practices.;992275841864;us-west-2;2026-08-18 15:47:07.870888;your-surroundings-2;Leverage multi-factor authentication for all users, starting with privileged, administrative and remote access users.;your surroundings;;;aws;;PASS;User demo-no-mfa-user does not have Console Password enabled.;arn:aws:iam::992275841864:user/demo-no-mfa-user;iam_user_mfa_enabled_console_access;False;demo-no-mfa-user;CISA;CISA Cyber Essentials framework;
aws;Cybersecurity & Infrastructure Security Agency's (CISA) Cyber Essentials is a guide for leaders of small businesses as well as leaders of small and local government agencies to develop an actionable understanding of where to start implementing organizational cybersecurity practices.;992275841864;us-west-2;2026-08-18 15:47:07.870888;booting-up-thing-to-do-first-2;Require multi-factor authentication (MFA) for accessing your systems whenever possible. MFA should be required of all users, but start with privileged, administrative, and remote access users.;booting up thing to do first;;;aws;;PASS;User demo-no-mfa-user does not have Console Password enabled.;arn:aws:iam::992275841864:user/demo-no-mfa-user;iam_user_mfa_enabled_console_access;False;demo-no-mfa-user;CISA;CISA Cyber Essentials framework;
aws;Cybersecurity & Infrastructure Security Agency's (CISA) Cyber Essentials is a guide for leaders of small businesses as well as leaders of small and local government agencies to develop an actionable understanding of where to start implementing organizational cybersecurity practices.;992275841864;us-west-2;2026-08-18 15:47:07.870888;your-systems-3;Implement security configurations for all hardware and software assets.;your systems;;;aws;;PASS;User prowler-readonly does not have Console Password enabled.;arn:aws:iam::992275841864:user/prowler-readonly;iam_user_mfa_enabled_console_access;False;prowler-readonly;CISA;CISA Cyber Essentials framework;
aws;Cybersecurity & Infrastructure Security Agency's (CISA) Cyber Essentials is a guide for leaders of small businesses as well as leaders of small and local government agencies to develop an actionable understanding of where to start implementing organizational cybersecurity practices.;992275841864;us-west-2;2026-08-18 15:47:07.870888;your-surroundings-2;Leverage multi-factor authentication for all users, starting with privileged, administrative and remote access users.;your surroundings;;;aws;;PASS;User prowler-readonly does not have Console Password enabled.;arn:aws:iam::992275841864:user/prowler-readonly;iam_user_mfa_enabled_console_access;False;prowler-readonly;CISA;CISA Cyber Essentials framework;
aws;Cybersecurity & Infrastructure Security Agency's (CISA) Cyber Essentials is a guide for leaders of small businesses as well as leaders of small and local government agencies to develop an actionable understanding of where to start implementing organizational cybersecurity practices.;992275841864;us-west-2;2026-08-18 15:47:07.870888;booting-up-thing-to-do-first-2;Require multi-factor authentication (MFA) for accessing your systems whenever possible. MFA should be required of all users, but start with privileged, administrative, and remote access users.;booting up thing to do first;;;aws;;PASS;User prowler-readonly does not have Console Password enabled.;arn:aws:iam::992275841864:user/prowler-readonly;iam_user_mfa_enabled_console_access;False;prowler-readonly;CISA;CISA Cyber Essentials framework;
aws;Cybersecurity & Infrastructure Security Agency's (CISA) Cyber Essentials is a guide for leaders of small businesses as well as leaders of small and local government agencies to develop an actionable understanding of where to start implementing organizational cybersecurity practices.;992275841864;us-west-2;2026-08-18 15:47:07.870888;your-systems-3;Implement security configurations for all hardware and software assets.;your systems;;;aws;;FAIL;Block Public Access is not configured for the account 992275841864.;arn:aws:s3:us-west-2:992275841864:account;s3_account_level_public_access_blocks;False;992275841864;CISA;CISA Cyber Essentials framework;
aws;Cybersecurity & Infrastructure Security Agency's (CISA) Cyber Essentials is a guide for leaders of small businesses as well as leaders of small and local government agencies to develop an actionable understanding of where to start implementing organizational cybersecurity practices.;992275841864;us-west-2;2026-08-18 15:47:07.870888;your-data-2;Learn what is happening on your network, manage network and perimeter components, host and device components, data-at-rest and in-transit, and user behavior activities.;your data;;;aws;;FAIL;Block Public Access is not configured for the account 992275841864.;arn:aws:s3:us-west-2:992275841864:account;s3_account_level_public_access_blocks;False;992275841864;CISA;CISA Cyber Essentials framework;
aws;Cybersecurity & Infrastructure Security Agency's (CISA) Cyber Essentials is a guide for leaders of small businesses as well as leaders of small and local government agencies to develop an actionable understanding of where to start implementing organizational cybersecurity practices.;992275841864;us-west-2;2026-08-18 15:47:07.870888;your-data-2;Learn what is happening on your network, manage network and perimeter components, host and device components, data-at-rest and in-transit, and user behavior activities.;your data;;;aws;;PASS;S3 Bucket eg-prowler-demo-intentionally-vulnerable has bucket ACLs disabled.;arn:aws:s3:::eg-prowler-demo-intentionally-vulnerable;s3_bucket_acl_prohibited;False;eg-prowler-demo-intentionally-vulnerable;CISA;CISA Cyber Essentials framework;
aws;Cybersecurity & Infrastructure Security Agency's (CISA) Cyber Essentials is a guide for leaders of small businesses as well as leaders of small and local government agencies to develop an actionable understanding of where to start implementing organizational cybersecurity practices.;992275841864;us-west-2;2026-08-18 15:47:07.870888;your-systems-3;Implement security configurations for all hardware and software assets.;your systems;;;aws;;PASS;S3 Bucket eg-prowler-demo-intentionally-vulnerable has Server Side Encryption with AES256.;arn:aws:s3:::eg-prowler-demo-intentionally-vulnerable;s3_bucket_default_encryption;False;eg-prowler-demo-intentionally-vulnerable;CISA;CISA Cyber Essentials framework;
aws;Cybersecurity & Infrastructure Security Agency's (CISA) Cyber Essentials is a guide for leaders of small businesses as well as leaders of small and local government agencies to develop an actionable understanding of where to start implementing organizational cybersecurity practices.;992275841864;us-west-2;2026-08-18 15:47:07.870888;your-data-1;Learn how your data is protected.;your data;;;aws;;PASS;S3 Bucket eg-prowler-demo-intentionally-vulnerable has Server Side Encryption with AES256.;arn:aws:s3:::eg-prowler-demo-intentionally-vulnerable;s3_bucket_default_encryption;False;eg-prowler-demo-intentionally-vulnerable;CISA;CISA Cyber Essentials framework;
aws;Cybersecurity & Infrastructure Security Agency's (CISA) Cyber Essentials is a guide for leaders of small businesses as well as leaders of small and local government agencies to develop an actionable understanding of where to start implementing organizational cybersecurity practices.;992275841864;us-west-2;2026-08-18 15:47:07.870888;your-data-2;Learn what is happening on your network, manage network and perimeter components, host and device components, data-at-rest and in-transit, and user behavior activities.;your data;;;aws;;PASS;S3 Bucket eg-prowler-demo-intentionally-vulnerable has Server Side Encryption with AES256.;arn:aws:s3:::eg-prowler-demo-intentionally-vulnerable;s3_bucket_default_encryption;False;eg-prowler-demo-intentionally-vulnerable;CISA;CISA Cyber Essentials framework;
aws;Cybersecurity & Infrastructure Security Agency's (CISA) Cyber Essentials is a guide for leaders of small businesses as well as leaders of small and local government agencies to develop an actionable understanding of where to start implementing organizational cybersecurity practices.;992275841864;us-west-2;2026-08-18 15:47:07.870888;your-systems-3;Implement security configurations for all hardware and software assets.;your systems;;;aws;;FAIL;S3 Bucket eg-prowler-demo-intentionally-vulnerable has versioning disabled.;arn:aws:s3:::eg-prowler-demo-intentionally-vulnerable;s3_bucket_object_versioning;False;eg-prowler-demo-intentionally-vulnerable;CISA;CISA Cyber Essentials framework;
aws;Cybersecurity & Infrastructure Security Agency's (CISA) Cyber Essentials is a guide for leaders of small businesses as well as leaders of small and local government agencies to develop an actionable understanding of where to start implementing organizational cybersecurity practices.;992275841864;us-west-2;2026-08-18 15:47:07.870888;your-data-4;Establish regular automated backups and redundancies of key systems.;your data;;;aws;;FAIL;S3 Bucket eg-prowler-demo-intentionally-vulnerable has versioning disabled.;arn:aws:s3:::eg-prowler-demo-intentionally-vulnerable;s3_bucket_object_versioning;False;eg-prowler-demo-intentionally-vulnerable;CISA;CISA Cyber Essentials framework;
aws;Cybersecurity & Infrastructure Security Agency's (CISA) Cyber Essentials is a guide for leaders of small businesses as well as leaders of small and local government agencies to develop an actionable understanding of where to start implementing organizational cybersecurity practices.;992275841864;us-west-2;2026-08-18 15:47:07.870888;booting-up-thing-to-do-first-1;Lead development of an internal reporting structure to detect, communicate and contain attacks.;booting up thing to do first;;;aws;;FAIL;S3 Bucket eg-prowler-demo-intentionally-vulnerable has versioning disabled.;arn:aws:s3:::eg-prowler-demo-intentionally-vulnerable;s3_bucket_object_versioning;False;eg-prowler-demo-intentionally-vulnerable;CISA;CISA Cyber Essentials framework;
aws;Cybersecurity & Infrastructure Security Agency's (CISA) Cyber Essentials is a guide for leaders of small businesses as well as leaders of small and local government agencies to develop an actionable understanding of where to start implementing organizational cybersecurity practices.;992275841864;us-west-2;2026-08-18 15:47:07.870888;your-systems-3;Implement security configurations for all hardware and software assets.;your systems;;;aws;;PASS;S3 Bucket eg-prowler-demo-intentionally-vulnerable does not have a bucket policy.;arn:aws:s3:::eg-prowler-demo-intentionally-vulnerable;s3_bucket_policy_public_write_access;False;eg-prowler-demo-intentionally-vulnerable;CISA;CISA Cyber Essentials framework;
aws;Cybersecurity & Infrastructure Security Agency's (CISA) Cyber Essentials is a guide for leaders of small businesses as well as leaders of small and local government agencies to develop an actionable understanding of where to start implementing organizational cybersecurity practices.;992275841864;us-west-2;2026-08-18 15:47:07.870888;your-data-2;Learn what is happening on your network, manage network and perimeter components, host and device components, data-at-rest and in-transit, and user behavior activities.;your data;;;aws;;PASS;S3 Bucket eg-prowler-demo-intentionally-vulnerable does not have a bucket policy.;arn:aws:s3:::eg-prowler-demo-intentionally-vulnerable;s3_bucket_policy_public_write_access;False;eg-prowler-demo-intentionally-vulnerable;CISA;CISA Cyber Essentials framework;
aws;Cybersecurity & Infrastructure Security Agency's (CISA) Cyber Essentials is a guide for leaders of small businesses as well as leaders of small and local government agencies to develop an actionable understanding of where to start implementing organizational cybersecurity practices.;992275841864;us-west-2;2026-08-18 15:47:07.870888;your-systems-3;Implement security configurations for all hardware and software assets.;your systems;;;aws;;PASS;S3 Bucket eg-prowler-demo-intentionally-vulnerable is not public.;arn:aws:s3:::eg-prowler-demo-intentionally-vulnerable;s3_bucket_public_access;False;eg-prowler-demo-intentionally-vulnerable;CISA;CISA Cyber Essentials framework;
aws;Cybersecurity & Infrastructure Security Agency's (CISA) Cyber Essentials is a guide for leaders of small businesses as well as leaders of small and local government agencies to develop an actionable understanding of where to start implementing organizational cybersecurity practices.;992275841864;us-west-2;2026-08-18 15:47:07.870888;your-data-2;Learn what is happening on your network, manage network and perimeter components, host and device components, data-at-rest and in-transit, and user behavior activities.;your data;;;aws;;PASS;S3 Bucket eg-prowler-demo-intentionally-vulnerable is not public.;arn:aws:s3:::eg-prowler-demo-intentionally-vulnerable;s3_bucket_public_access;False;eg-prowler-demo-intentionally-vulnerable;CISA;CISA Cyber Essentials framework;
aws;Cybersecurity & Infrastructure Security Agency's (CISA) Cyber Essentials is a guide for leaders of small businesses as well as leaders of small and local government agencies to develop an actionable understanding of where to start implementing organizational cybersecurity practices.;992275841864;us-west-2;2026-08-18 15:47:07.870888;your-systems-3;Implement security configurations for all hardware and software assets.;your systems;;;aws;;FAIL;S3 Bucket eg-prowler-demo-intentionally-vulnerable does not have a bucket policy, thus it allows HTTP requests.;arn:aws:s3:::eg-prowler-demo-intentionally-vulnerable;s3_bucket_secure_transport_policy;False;eg-prowler-demo-intentionally-vulnerable;CISA;CISA Cyber Essentials framework;
aws;Cybersecurity & Infrastructure Security Agency's (CISA) Cyber Essentials is a guide for leaders of small businesses as well as leaders of small and local government agencies to develop an actionable understanding of where to start implementing organizational cybersecurity practices.;992275841864;us-west-2;2026-08-18 15:47:07.870888;your-data-2;Learn what is happening on your network, manage network and perimeter components, host and device components, data-at-rest and in-transit, and user behavior activities.;your data;;;aws;;FAIL;S3 Bucket eg-prowler-demo-intentionally-vulnerable does not have a bucket policy, thus it allows HTTP requests.;arn:aws:s3:::eg-prowler-demo-intentionally-vulnerable;s3_bucket_secure_transport_policy;False;eg-prowler-demo-intentionally-vulnerable;CISA;CISA Cyber Essentials framework;
aws;Cybersecurity & Infrastructure Security Agency's (CISA) Cyber Essentials is a guide for leaders of small businesses as well as leaders of small and local government agencies to develop an actionable understanding of where to start implementing organizational cybersecurity practices.;992275841864;us-west-2;2026-08-18 15:47:07.870888;your-systems-3;Implement security configurations for all hardware and software assets.;your systems;;;aws;;FAIL;S3 Bucket eg-prowler-demo-intentionally-vulnerable has server access logging disabled.;arn:aws:s3:::eg-prowler-demo-intentionally-vulnerable;s3_bucket_server_access_logging_enabled;False;eg-prowler-demo-intentionally-vulnerable;CISA;CISA Cyber Essentials framework;
aws;Cybersecurity & Infrastructure Security Agency's (CISA) Cyber Essentials is a guide for leaders of small businesses as well as leaders of small and local government agencies to develop an actionable understanding of where to start implementing organizational cybersecurity practices.;992275841864;us-west-2;2026-08-18 15:47:07.870888;your-data-2;Learn what is happening on your network, manage network and perimeter components, host and device components, data-at-rest and in-transit, and user behavior activities.;your data;;;aws;;FAIL;S3 Bucket eg-prowler-demo-intentionally-vulnerable has server access logging disabled.;arn:aws:s3:::eg-prowler-demo-intentionally-vulnerable;s3_bucket_server_access_logging_enabled;False;eg-prowler-demo-intentionally-vulnerable;CISA;CISA Cyber Essentials framework;
aws;Cybersecurity & Infrastructure Security Agency's (CISA) Cyber Essentials is a guide for leaders of small businesses as well as leaders of small and local government agencies to develop an actionable understanding of where to start implementing organizational cybersecurity practices.;992275841864;us-west-2;2026-08-18 15:47:07.870888;your-systems-3;Implement security configurations for all hardware and software assets.;your systems;;;aws;;FAIL;Security Hub is not enabled.;arn:aws:securityhub:us-west-2:992275841864:hub/unknown;securityhub_enabled;False;hub/unknown;CISA;CISA Cyber Essentials framework;
aws;Cybersecurity & Infrastructure Security Agency's (CISA) Cyber Essentials is a guide for leaders of small businesses as well as leaders of small and local government agencies to develop an actionable understanding of where to start implementing organizational cybersecurity practices.;992275841864;us-west-2;2026-08-18 15:47:07.870888;your-crisis-response-2;Lead development of an internal reporting structure to detect, communicate and contain attacks.;your crisis response;;;aws;;FAIL;Security Hub is not enabled.;arn:aws:securityhub:us-west-2:992275841864:hub/unknown;securityhub_enabled;False;hub/unknown;CISA;CISA Cyber Essentials framework;
aws;Cybersecurity & Infrastructure Security Agency's (CISA) Cyber Essentials is a guide for leaders of small businesses as well as leaders of small and local government agencies to develop an actionable understanding of where to start implementing organizational cybersecurity practices.;992275841864;us-west-2;2026-08-18 15:47:07.870888;your-surroundings-1;Learn who is on your network. Maintain inventories of network connections (user accounts, vendors, business partners, etc.).;your surroundings;;;aws;;FAIL;VPC vpc-0866e7410e62ffd29 Flow logs are disabled.;arn:aws:ec2:us-west-2:992275841864:vpc/vpc-0866e7410e62ffd29;vpc_flow_logs_enabled;False;vpc-0866e7410e62ffd29;CISA;CISA Cyber Essentials framework;
aws;Cybersecurity & Infrastructure Security Agency's (CISA) Cyber Essentials is a guide for leaders of small businesses as well as leaders of small and local government agencies to develop an actionable understanding of where to start implementing organizational cybersecurity practices.;992275841864;us-west-2;2026-08-18 15:47:07.870888;your-data-2;Learn what is happening on your network, manage network and perimeter components, host and device components, data-at-rest and in-transit, and user behavior activities.;your data;;;aws;;FAIL;VPC vpc-0866e7410e62ffd29 Flow logs are disabled.;arn:aws:ec2:us-west-2:992275841864:vpc/vpc-0866e7410e62ffd29;vpc_flow_logs_enabled;False;vpc-0866e7410e62ffd29;CISA;CISA Cyber Essentials framework;
aws;Cybersecurity & Infrastructure Security Agency's (CISA) Cyber Essentials is a guide for leaders of small businesses as well as leaders of small and local government agencies to develop an actionable understanding of where to start implementing organizational cybersecurity practices.;;;2026-08-18 15:47:07.870888;your-data-5;Leverage protections for backups, including physical security, encryption and offline copies.;your data;;;aws;;MANUAL;Manual check;manual_check;manual;False;Manual check;CISA;CISA Cyber Essentials framework;
